category,phone,description,url,website_url,summary
,,,http://www.kharkov.info/place,,
category,phone,description,url,website_url,summary
,,,http://www.kharkov.info/place/bytovye-uslugi,,
,,,http://www.kharkov.info/place/razvlecheniya,,
category,phone,description,url,website_url,summary
,,,http://www.kharkov.info,,
category,phone,description,url,website_url,summary
,,,http://www.kharkov.info/place/razvlecheniya,,
,,,http://www.kharkov.info/place/bytovye-uslugi,,
category,phone,description,url,website_url,summary
,,,http://www.kharkov.info/place/bytovye-uslugi,,
,,,http://www.kharkov.info/place/razvlecheniya,,
category,phone,description,url,website_url,summary
,,,http://www.kharkov.info/place/bytovye-uslugi,,
,,,http://www.kharkov.info/place/razvlecheniya,,
category,phone,description,url,website_url,summary
"Медицина,Стоматология","Телефон:,
    ,
            ,
                    ,XXX-XX-XX (показать),        ,
        ,
","
.kha-info-table {
	background-color:#ffffff;
	border: 3px solid #bddbb2;
	margin-top: 20px;
	margin-bottom: 20px;
	}
	
table .kha-info-table {
	margin-top: 20px;
	margin-bottom: 20px;
	}
	
.kha-info-table td
{
	background-color:#ffffff;
	padding:5px;
	border-bottom: 1px #bddbb2 solid;
	border-left: 1px #bddbb2 solid;
	font-size:14px;
	}

.kha-info-table th
{
	background-color:#bddbb2;
	padding:5px;
	border-bottom: 1px #bddbb2 solid;
	border-left: 1px #bddbb2 solid;
	font-size:14px;
	text-align:center;
	}	
	
	
.kha-info-table .left
{
	text-align:left;
	border-left: none;
	}	
	
.kha-info-table .green td 
{
	background-color:#e9f3e5;
	}	,
	В эру развития стоматологии и стоматологических услуг очень важно найти не только профессионального стоматолога, которому бы вы смогли доверить свои зубы, но и такую клинику, посещая которую, вам бы не пришлось испытывать чувства дискомфорта и неуверенности.,
	Именно для вас в Харькове работает кабинет эстетической стоматологии «Bella Vista», которая предлагает своим клиентам самые современные и качественные услуги, оказываемые на самом высоком технологическом уровне.,
	Методика нашего лечения отличается безопасностью и безболезненностью, поэтому нас могут посещать клиенты абсолютно разных возрастов: от самых маленьких до самых взрослых. Таким образом, мы практикуем семейную стоматологию.,
	Кабинет эстетической стоматологии «Bella Vista» предлагает своим клиентам широкий спектр услуг, который основан на применении инновационных материалов с учетом всех новых разработок и технологий. У нас вы можете вылечить кариес, сделать высокоточное и эстетичное протезирование, вживить имплант. Так же мы предоставляем услуги, связанные с косметической стоматологией, и проводим даже сложные операции, связанные с челюстно-лицевыми проблемами.,
	Обратившись за помощью в  кабинет эстетической стоматологии «Bella Vista»,  вы получите качественное обслуживание европейского уровня, где для всех сотрудников клиники важен не только результат, но и тот факт, чтобы клиент чувствовал себя максимально комфортно в течении всего периода лечения.,
	Наша клиника отличается своей гибкой ценовой политикой. Мы всегда сумеем подобрать своим клиентам такое лечение, которое они могут себе позволить исходя из своих финансовых возможностей. А мы, в свою очередь, гарантировано окажем высококачественные услуги. В «Bella Vista» работают опытные специалисты, которые постоянно обучаются всем стоматологическим методикам, появляющимся на рынке этих услуг. Уровень их профессионализма вас приятно удивит. Мы беремся за любую проблему, будь то установка обычной пломбы, отбеливание зубов или сложное протезирование и лечение. Для нас нет ничего невозможного. Ведь мы команда профессионалов, слаженно и уверенно достигающих поставленных целей.,
	Кабинет эстетической стоматологии «Bella Vista», всегда к вашим услугам.,
	Приходите к нам на первичную диагностику и консультацию.,
	Мы с радостью вам поможем.,
,Профессиональная гигиена полости рта,
 , ,
 ,Снятие зубного камня, налета при помощи ультразвукового аппарата (одна челюсть) ,
 ,160.00 грн.,
 ,Снятие зубного камня, налета при помощи содоструйного аппарата KaVo PROPHYflex 3(Air Flow) (одна челюсть) ,
 ,180.00 грн.,
 ,Отбеливание зубов (одна челюсть,с повторной коррекцией),
 ,800.00 грн.,
 ,Отбеливание зубов с помощью световой лампы (одна челюсть),
 ,800.00 грн.,
 ,Отбеливание 1 зуба (эндоотбеливание),
 ,160.00 грн.,
 ,Отбеливание дом (каппа + 2 шприца),
 ,1350.00 грн.,
 ,Установка украшения камешек- ""скайс"" (одна единица),
 ,200.00 грн.- 240.00 грн.,
 ,
 Терапевтическое лечение,
 ,
 ,Анестезия инфильтрационная -  проводниковая, интралигаментарная ,
 ,60.00 грн.,
 ,Пломба из стеклоиономерного материала (одна единица) ,
 ,180.00 грн.,
 ,Пломба из фотополимерного (бюджетного) материала (одна единица) ,
 ,200.00 грн.,
 ,Реставрация  из фотополимерного (филтек, градиа, амелоген) материала (одна ед.),
 ,270.00 грн. -  300.00 грн.,
 ,Постоянные пломбировочные материалы:,
 , ,
 ,Под коронку,
 ,140.00 грн.,
 ,Герметизация фиссур  (1зуб),
 ,150.00 грн.,
 ,Полное восстановление (одна единица) ,
 ,600.00 грн.,
 ,Фиксация одного стального (титанового) штифта для улучшения фиксации пломбы (без наложения пломбы) ,
 ,100.00 грн.,
 ,Фиксация одного внутриканального стекловолоконного штифта (без наложения пломбы),
 ,180.00 грн.,
 ,Наложение коффердама ,
 ,70.00 грн.,
 ,Покрытие зубов фторлаком (одна единица) ,
 ,20.00 грн.,
 ,Снятие гиперестезии (одна челюсть) ,
 ,50.00 грн.,
 ,Курс лечения заболеваний пародонта (иньекции) 2 ч – 1 посещ.,
 ,100.00 грн.,
 ,Пломбировка корневых каналов:,
 , ,
 ,
 -  1 канал
 ,
 ,100.00 грн.,
 ,
 - 2 канала 
 ,
 ,150.00 грн.,
 ,
 - 3 канала
 ,
 ,200.00 грн.,
 ,Лечебные прокладки:«кальцийсодержащие»,
 ,40.00 грн.,
 ,С использованием гуттаперчевых штифтов за каждый канал,
 ,30.00 грн.,
 ,Пломбировка  корневых каналов  с использованием эндомотора:,
, ,
 ,
 -  1 канал
 ,
 ,120.00 грн.,
 ,
 - 2 канала 
 ,
 ,170.00 грн.,
 ,
 - 3 канала
 ,
 ,220.00 грн.,
 ,Распломбировка, расширение корневого канала:,
 , ,
 ,
 - 1 канал 
 ,
 ,60.00 грн.,
 ,
 - 2 канала 
 ,
 ,90.00 грн.,
 ,
 - 3 канала 
 ,
 ,120.00 грн.,
 ,Лечение периодонтита,
, ,
 ,
 - 1 канал 
 ,
 ,80.00 грн.,
 ,
 - 2 канала 
 ,
 ,100.00 грн.,
 ,
 - 3 канала 
 ,
 ,120.00 грн.,
 ,Лечение гранулем, кистогранулем, кист с использованием кальций содержащих препаратов для временного пломбирования:,
 , ,
 ,
 - 1 канал 
 ,
 ,80.00 грн.,
 ,
 - 2 канала 
 ,
 ,100.00 грн.,
 ,
 - 3 канала 
 ,
 ,120.00 грн.,
 ,Временные пломбировочные материалы:,
 , ,
 ,-  водный дентин,
 ,20.00 грн.,
 ,-  фотополимерный ,
 ,40.00 грн.,
 ,Полное восстановление коронки зуба (хим. композит  бюджетный),
 ,320.00 грн.,
 ,Шинирование зубов 1 единица,
 ,80.00 грн.,
 ,""Вектор- терапия"" (первое посещение) ,
 ,1600.00 грн.,
 ,""Вектор- терапия"" (повторное посещение в течение года) ,
 ,800.00 грн.,
 ,Хирургия,
 ,
 ,Консультация расширенная,
 ,160.00 грн.,
 ,Повторный осмотр пациента (осмотр, контроль назначенного лечения) ,
 ,80.00 грн.,
 ,Анестезия инфильтрационная -  проводниковая, интралигаментарная ,
 ,60.00 грн.,
 ,Удаление зуба ,
 ,150.00 грн.- 250.00 грн.,
 ,Удаление зуба сложное ,
 ,от 400.00 грн.,
 ,Удаление ретенированного зуба (анестезия,абтурация,шовный) ,
 ,от 1050.00 грн.,
 ,Лечение альвеолит,
 ,100.00 грн.,
 ,Вскрытие абсцесса, периостита («флюса»), дренирование ,
 ,100.00 грн.,
 ,Лоскутная операция (один зуб) ,
 ,500.00 грн.,
 ,PRGF (тромбацитарный сгусток с факторами роста,по методике BTI) ,
 ,900.00 грн.,
 ,PDRF (тромбацитарный сгусток с факторами роста),
 ,400.00 грн.,
 ,БоТП (богатая тромбоцитами плазма),
 ,400.00 грн.,
 ,Наложение шва на края лунки,
 ,120.00 грн.,
 ,Обтурация лунки:  -  Альвеостаз,
 ,200.00 грн.,
 ,
 - Коллапан,Стимул осс
 ,
 ,240.00 грн.,
 ,
 - Графт
 ,
 ,450.00 грн.- 900.00 грн.,
 ,
 - Остеопласт
 ,
 ,260.00 грн.,
 ,Повязка на лунку,
 ,30.00 грн.,
 ,Медикоментозная обработка раны,
 ,50.00 грн.,
 ,Операция цистэктомия с резекцией верхушки корня зуба (один зуб) ,
 ,800.00 грн.,
 ,Операция цистэктомия с резекцией верхушки корня зуба (два зуба),
 ,1200.00 грн.,
 ,Гемисекция,
 ,340.00 грн.,
 ,Пластическое закрытие дефекта в области одного зуба ,
,240.00 грн.,
 ,Устранение рецессии в области одного корня зуба ,
 ,960.00 грн.,
 ,Заполнение дефекта костной ткани реплантантом (одна единица) ,
 , 3900.00 грн.,
 ,Операция костной пластики с использованием барьерной мембраны (сегмент) ,
 , 5400.00 грн.,
 ,Пародонтальная лоскутная операция с использованием костно- пластического материала и мембраны (один сегмент)  ,
 , 5000.00 грн.,
 ,Операция открытый синус лифтинг ,
 , 6800.00 грн.,
 ,Закрытый синус лифтинг,
 ,1740.00 грн.,
 ,Иссечение ""капюшона"" ,
 ,150.00 грн.,
 ,Ортопедия,
 ,
 ,Несъемное протезирование,
 ,
 ,Металлокерамика,
 , ,
 ,М.К. «Наритаке»,
 ,700.00 грн.,
 ,-  на  импланте ,
 ,950.00 грн.,
 ,М.К. «Вита»,
 ,1000.00 грн.,
 , -  на импланте,
 ,1350.00 грн.,
 ,М.К. 1 ед. на лапках (с фиксацией),
 ,2000.00 грн.,
 ,С уступом, искусственной десной ,
 ,+250.00 грн.,
 ,  -  на хром- кобальтовом сплаве,
 ,+250.00 грн.,
 ,  -  экспресс- керамика (2 дня),
 ,+100%,
 ,Безметалловая керамика на каркасе из оксида циркония (винир, коронка вкладка),
 ,2250.00 грн.,
 ,  -  на импланте +300.00 грн. ,
 ,2550.00 грн.,
 ,Безметалловая фрезерованнаяиз оксида циркония (коронка, винир, вкладка),
 ,1800.00 грн.,
 ,Пресс керамика IPSe.max,
 ,2500.00 грн.,
 ,-  вкладка,
 ,1800.00 грн.,
 ,Цельнолитая коронка,
 ,350.00 грн.,
 ,Временная  коронка (композит),
 ,160.00 грн. – 180.00 грн.,
 ,Формирование ложа понтика( под каждый понтик) ,
 ,50.00 грн.,
 ,Снятие-  штампованной коронки,
 ,40.00 грн.,
 ,-  металлокерамической коронки,
 ,50.00 грн.,
 ,Фиксация  -  штампованной коронки,
 ,40.00 грн.,
 ,-  металлокерамической коронки,
 ,50.00 грн.,
 ,Литая культевая вкладка,
 ,300.00 грн.,
 ,Циркониевая культевая вкладка,
 ,1300.00 грн.,
 ,
,Съемное протезирование,
 ,
 ,Бюгельный протез металл. -  на опорно- удерж. кламмерах  ,
 ,4000.00 грн.,
 ,  -  многозвеньевой кламмер ,
 , +400.00 грн.,
 ,Бюгельный протез ацеталь -  на опорно- удерж. кламмерах  ,
 ,3600.00 грн.,
 ,Бюгельный протез  на аттачменах «Бредент»,
 ,6000.00 грн.,
 ,Бюгельный протез  (фрезеровка + кламмера),
 ,6000.00 грн.,
 ,Бюгельный протез  с ригельным замком МК- 1,
 ,9000.00 грн.,
 ,Бюгельный протез  к телескопическим коронкам ,
 ,9000.00 грн.,
 ,Цельнолитая телескопическая коронка,
 ,1250.00 грн.,
 ,Бюгельный протез  к телескопическим коронкам, телескопическая коронка,
 ,2000.00 грн.,
 ,Полипропиленовый ЧСПП ПСПП,
 ,1800.00 грн.,
 ,Нейлоновый  ЧСПП ПСПП (Valplast),
 ,2600.00 грн.,
 ,- приварка зуба в протез  Valplast ,
 ,320.00 грн.,
 ,ЧСППотечественный(с метилметакрилатом) без гарантии,
 ,1000.00 грн.,
 ,ПСППотечественный (с метилметакрилатом) без гарантии ,
 ,1200.00 грн.,
 , ЧСПП импортный (без метилметакрилата) гарантия 6мес.,
 ,2000.00 грн.,
 , ПСПП импортный (без метилметакрилата) гарантия 6мес.,
 ,2300.00 грн.,
 ,-  индивидуальная ложка для ПСПП,иногда ЧСПП,
 ,300.00 грн.,
 ,С бюгельной дугой : –из металла,
 ,1800.00 грн.,
 , -  из ацеталя,
 ,2200.00 грн.,
 ,-косметический съемный (бабочка), иммедиат протез,
 ,560.00 грн.,
 ,-  иммедиат протез импортный,
 ,650.00 грн.,
 ,Цельнолитой кламмер,
 ,400.00 грн.,
 ,Кламмер -  профлекс,
 ,300.00 грн.,
 , -  из ацеталя,
 ,450.00 грн.,
 ,Армирование свода базиса ,
 ,400.00 грн.,
 ,Мягкая прокладка,
 ,400.00 грн.,
 ,Накусочная пластинка,
 ,480.00 грн.,
 ,Отливка моделей ,
 ,100.00 грн.,
 ,Восковой прогноз (1 зуб),
 ,60.00 грн.,
 ,Фрезеровка абатмента под металлокерамику,
 ,150.00 грн.,
 ,Коррекция высоты прикуса с изготовлением накусочной пластинки ,
 ,800.00 грн.,
 ,1 перелом на съемном протезе  ,
 ,160.00 грн.,
 ,Приварка 1 зуба или 1 кламера  ,
 ,160.00 грн.,
 ,Перебазировка съемного протеза: кабинет ,
 ,240.00 грн.,
 ,Лаборатория,
 ,300.00 грн.,
 ,Каппы,
 , ,
 ,Для отбеливания,
 ,300.00 грн.,
 ,От бруксизма,
 ,600.00 грн.,
 ,Для контактных видов спорта,
 ,960.00 грн.,
 ",http://www.kharkov.info/place/13188,http://www.bella-vista.com.ua,Эстетическая стоматология «Bella Vista»
"Развлечения,Аттракционы","Телефон:,
    ,
            ,
                    ,XXX-XX-XX (показать),        ,
        ,
","Лазерные бои «Штурм» - соревнование на меткость и быстроту реакции. Это спорт, экстрим, а также возможность проявить себя тактиком и стратегом. Игра проводится в уникальном лабиринте площадью 300 м2 , стилизованном под заброшенный инопланетный город. Суть игры состоит в поражении лазерных датчиков на жилете и бластере противников выстрелами из лазерного пистолета. Игра ведется на очки. В отличие от пейнтбола, Вы не испытываете никаких неприятных ощущений при попадании в Вас противников. ...",http://www.kharkov.info/place/5607,http://www.shturm.com.ua/,Лазерные бои «Штурм»
"Развлечения,Ночные клубы, дискотеки,Стриптиз","Телефон:,
    ,
            ,
                    ,XXX-XX-XX (показать),        ,
        ,
","Каждый вечер стрип клуб «Casta» приглашает респектабельных джентльменов погрузиться в загадочный мир эротического танца, полюбоваться на самых красивых девушек Харькова и насладиться эротическим шоу, способным удивить даже самого искушенного эстета. Мужской клуб «Casta» — это cтильный и уютный интерьер, фееричные шоу-программы, строгая конфиденциальность, высочайший профессионализм и внимание персонала гарантируют вам только положительные эмоции.",http://www.kharkov.info/place/5327,http://www.casta-club.com,Стриптиз клуб «Casta Club»
"Развлечения,Развлекательные центры,Семья и дети,Развлечения для детей","Телефон:,
    ,
            ,
                    ,XXX-XX-XX (показать),        ,
        ,
","Ледовая арена «Айс Холл» предоставляет широкий спектр услуг по организации Вашего отдыха. В Вашем распоряжении индивидуальные тренеры-инструкторы по фигурному катанию, персонал арены поможет Вам правильно подобрать инвентарь и коньки. На нашей арене Вы можете необычно провести свой день рождения, корпоративный праздник. Мы можем специально для Вас организовать ледовое шоу и хоккейный матч, где Вы и Ваши друзья смогут принять непосредственное участие.",http://www.kharkov.info/place/3119,http://www.icehall.com.ua,Ледовая арена «Айсхол»
"Развлечения,Ночные клубы, дискотеки","Телефон:,
    ,
            ,
                    ,XXX-XX-XX (показать),        ,
        ,
","Здание бывшего кинотеатра, оно же бывшее ""Disco 2000"". Неприметный вход, работающий гардероб. Огромный по харьковским меркам танцпол в два этажа окруженный обычными столиками. Потоковая танцевальная музыка, много тематических вечеринок от Reggae до Rock.",http://www.kharkov.info/place/1517,,Клуб «Жара Rave Club»
"Развлечения,Развлекательные центры,Спорт и фитнес,Катки","Телефон:,
    ,
            ,
                    ,XXX-XX-XX (показать),        ,
        ,
","«Шато ледо» – это уникальный комплекс, который собрал под своей крышей разные виды развлечения Харькова. Активный отдых, кафе с романтическим интерьером, детский отдых , банкетные залы. Развлечения в Харькове для любителей активного отдыха! Просторный каток с качественными коньками и отличным льдом, работающий ежедневно 10 утра и до 23 вечера. Роллердром с уникальным дизайном помещения. Добро пожаловать в «ШАТО ЛЕДО» на Французском Бульваре! Это лучший способ провести время с друзьями или ...",http://www.kharkov.info/place/1553,http://www.shato-ledo.com.ua/,Развлекательный центр «Шато Ледо»
"Развлечения,Ночные клубы, дискотеки","Телефон:,
    ,
            ,
                    ,XXX-XX-XX (показать),        ,
        ,
","Ночной клуб «PlazMa» удерживает лидирующие позиции в пятерке рейтинговых клубов города. Дизайн и оформление клуба «PlazMa», выполнен с применением технологии LED! К услугам гостей клуба 2 бара с широким выбором алкогольных напитков, коктейльной и кофейной картой, а также полноценное ресторанное обслуживание. Холодные закуски, салаты, горячие блюда — посетители могут выбрать меню на свое усмотрение — от легкого перекуса до сытного ужина. Музыкальный формат – house, electro, r’n’b.",http://www.kharkov.info/place/1540,http://www.plazmaclub.com.ua,Ночной клуб «Plazma»
"Красота и здоровье,Бани и сауны,Развлечения,Боулинги","Телефон:,
    ,
            ,
                    ,XXX-XX-XX (показать),        ,
        ,
","КРЦ «Місто» - это один из крупнейших клубов в Украине  на 2500 посетителей, лучший боулинг Украины, караоке-бар, lounge-bar, суши-бар, стрип-бар, дискотека с тремя танцполами, лучшее место для проведения банкетов, фуршетов и лучшая в городе баня. КРЦ является частью проекта «Город в городе» и занимает площадь 3000 квадратных метров. Кроме вышеупомянутых услуг, гости развлекательного центра могут провести праздничный банкет, устроить в клубе свадьбу или провести корпоративную ...",http://www.kharkov.info/place/1544,http://www.mistoclub.com,Культурно-развлекательный центр «Мiсто»
"Развлечения,Ночные клубы, дискотеки","Телефон:,
    ,
            ,
                    ,XXX-XX-XX (показать),        ,
        ,
","Ночной клуб Holiday уже завоевал сердца многих любителей клубной культуры в Харькове. Если вы не уверены, какую музыку слушать, как отдыхать и куда пойти – вам в Holiday. Музыкальный концепт клуба: качественная европейская танцевальная музыка - от pop, eurodance на главном танцполе до progressive, tecno, trance на танцполе White Bar. Каждый найдет себе развлечение по вкусу и карману. В клубе Holiday действует фейс-контроль и дресс-код. Мы работаем каждый Чт, Пт, Сб, Вс.",http://www.kharkov.info/place/11027,http://club-holiday.com.ua,Ночной клуб «Holiday»
"Развлечения,Развлекательные центры,Торговля,Торговые центры","Телефон:,
    ,
            ,
                    ,XXX-XX-XX (показать),        ,
        ,
","ТРК «Французский бульвар» представлен центром развлечений «Шато-Ледо» с большим ледовым катком на 880 м2 и роллердромом 420 м2. Если Вы любитель активного отдыха - Вам на каток, в бильярд, тир, автотрек. Хотите расслабиться и поиграть - к вашим услугам игровая зона, покер-клуб, компьютерный клуб, 4D киноаттракцион, кофейня «ПАРИЖ». Здесь у нас проводятся детские праздники и турниры, студенческие вечеринки и богемные встречи.,В Развлекательном Центре открылся Первый и единственный в ...",http://www.kharkov.info/place/231,http://www.mall.com.ua,Торгово-развлекательный центр «Французский бульвар»
"Развлечения,Развлекательные центры","Телефон:,
    ,
            ,
                    ,XXX-XX-XX (показать),        ,
        ,
","
	«ARIZONA BEACH CLUB» уже давно зарекомендовал себя как лучшее заведение формата оpen-аir в городе Харькове - расположен он в одном из живописнейших мест нашего города - на берегу реки Лопань в Алексеевском лугопарке.,
	Можно с уверенностью сказать, что на территории развлекательного комплекса (а размер позволяет - один гектар) можно найти все необходимое для полноценного и приятного летнего отдыха:",http://www.kharkov.info/place/4386,http://arizonaclub.com.ua,Развлекательный комплекс «Аризона»
"Развлечения,Ночные клубы, дискотеки,Стриптиз","Телефон:,
    ,
            ,
                    ,XXX-XX-XX (показать),        ,
        ,
","Элитный салон эротических услуг ""Белый какаду"" приятно распахнул свои двери для избранных, для тех, кто себя любит и уважает, кто в наше нелёгкое время осознаёт, что иногда просто необходимо расслабиться, отвлечся от повседневной рутины и окунуться в мир эротики и гармонии, получить максимум удовольствия, которое Вам со всем великолепием предоставят наши красивые и высокопрофессиональные девушки-массажистки экстра-класса.,Мы высоко ценим качество обслуживания и гарантируем Вам ...",http://www.kharkov.info/place/1473,http://www.kakadu-club.com,Ночной клуб «Белый Какаду»
"Еда и места встреч,Кафе, кофейни,Развлечения,Боулинги","Телефон:,
    ,
            ,
                    ,XXX-XX-XX (показать),        ,
        ,
", ,http://www.kharkov.info/place/5851,,Кафе «Боулинг клуб 24»
"Бытовые услуги,Ремонт техники и бытовых приборов,Промышленность,Автоматизация технологических процессов","Телефон:,
    ,
            ,
                    ,XXX-XX-XX (показать),        ,
        ,
","
	Компания лидирует в сфере продаж и сервисного обслуживания торгово-кассового, весового, штрих-кодового, банковского оборудования для оснащения супермаркетов, торговых центров, магазинов любого профиля, ресторанов, баров, пунктов обмена валют, кафе и АЗС.,
	Компания ""НЕО"" занимается поставкой климатического оборудования, а также проектированием и установкой систем искусственного микроклимата различных уровней сложности. Компания «НЕО» выполняет весь комплекс ...",http://www.kharkov.info/place/2576,http://www.neo.ua,Техническая компания и Сервисный центр «Нео»
"Красота и здоровье,Бани и сауны,Развлечения,Аттракционы","Телефон:,
    ,
            ,
                    ,XXX-XX-XX (показать),        ,
        ,
","
	Харьковский аквапарк самый большой из крытых в Украине. Его площадь составляет 11 000 квадратных метров практически сплошь покрытых бассейнами, горками и прочими водными аттракционами. Чистая площадь зоны водных развлечений – 4000 квадратных метров. И все это стилизовано под джунгли Южной Америки! В укромных уголках притаились декоративные крокодилы, застыли баобабы, раскинулись лианы, замерли майя и ацтеки. Коврики стилизованы под травяное покрытие. Температура +30 градусов при ...",http://www.kharkov.info/place/1547,http://www.jungle.ua,Аквапарк «Джунгли»
"Развлечения,Аттракционы","Телефон:,
    ,
            ,
                    ,XXX-XX-XX (показать),        ,
        ,
","Добро пожаловать в самый большой в Украине веревочный парк - «South-Park»! Это возможность получить «острые ощущения» при абсолютной безопасности для здоровья и жизни. Благодаря продуманной технологии крепления и надежной системе страховки Вы будете полноценно наслаждаться активным отдыхом. «South-Park» - это комплекс, который включает: подвесные полосы препятствий разного уровня сложности; качели, тарзанки, веревочные лестницы и мосты; детскую веревочную площадку; скалодром.,Парк веревочных аттракционов состоит из трех уровней. Первый расположен на высоте 0,5 м над землей и предназначен для детей. Второй уровень на высоте 4 м, третий - 6 м. Это маршруты для взрослых.,«South-Park» - это великолепное развлечение для взрослых и детей, людей разной комплекции, с профессиональной подготовкой и без нее.,В «South-Park» есть разные по уровню сложности, высоте и длине маршруты. Вы можете начать с самого простого маршрута и совершенствовать свои результаты. В нашем веревочном парке комфортно будет гостям в любой компании: и с семьей, и с друзьями, и с коллегами.,Добро пожаловать в «South-Park» - мир развлечений и экстрима!",http://www.kharkov.info/place/8221,http://south-parka.net/,Веревочный парк «South-Park»
"Еда и места встреч,Рестораны,Развлечения,Боулинги","Телефон:,
    ,
            ,
                    ,XXX-XX-XX (показать),        ,
        ,
","В Развлекательном центре Компас каждый найдёт развлечение по душе! К Вашим услугам ночной клуб, боулинг-клуб, ресторан и спорт-бар. Для Вас всегда шоу-программа, артисты и приглашенные звезды, а также внимательный персонал и безупречный сервис. В ресторане Компас посетители могут насладиться изысканными шедеврами кухни разных стран мира. На 2-м этаже Вы попадете в мир ночного клуба Компас! Боулинг-клуб Компас - это 8 оборудованных дорожек высшего класса. Время работы: с 10:00 до 6:00.",http://www.kharkov.info/place/157,http://www.clubcompas.com.ua,Развлекательный центр «КомпАС»
"Бытовые услуги,Кабельное телевидение","Телефон:,
    ,
            ,
                    ,XXX-XX-XX (показать),        ,
        ,
","
	,
		Компания ВОЛЯ является ведущим общенациональным украинским телекоммуникационным провайдером, который предоставляет современные телекоммуникационные услуги: аналоговое, цифровое, HD- и интерактивное телевидение «ВОЛЯ Smart HD», высокоскоростной доступ в Интернет, а также услуги одного из крупнейших в Украине дата-центров.,
	,
		Компания предлагает до 200 программ украинских и лучших международных телекомпаний, соблюдая все международные нормы в области авторских и смежных прав.,
	,
		1 июня 2002 года был утвержден Корпоративный кодекс компании ВОЛЯ, и эта дата стала официальным днем рождения компании.,
",http://www.kharkov.info/place/17693,http://kharkov.volia.com,Кабельное телевидение «Воля Премиум ТВ»
"Бытовые услуги,Вывоз мусора,Жилищно-коммунальное хозяйство,Жилищно-коммунальные службы","Телефон:,
    ,
            ,
                    ,XXX-XX-XX (показать),        ,
        ,
","
	КП «Комплекс по вывозу бытовых отходов» с 1850 года оказывает услуги по вывозу бытовых отходов в Харьковской области. Мы используем больше современных евроконтейнеров, эффективные мусоровозы и спецтехнику. Осуществляем вывоз БО со всех районов города Харькова.,
	Наши филиалы:,
		Автоколонна № 2 - ул. XVII Партсъезда, 10 А,
	,
		Автоколонна № 3 - ул. Маршала Федоренко, 1 А,
	,
		Автоколонна № 4 - ул. Тимуровцев, 60 А,
",http://www.kharkov.info/place/17175,,КП «Комплекс по вывозу бытовых отходов»
"Бытовые услуги,Ателье и мастерские","Телефон:,
    ,
            ,
                    +380 (57) 700-44-27        ,
        ,
","
	Выполнение заказа качественно, профессионально, быстро и ответственно!",http://www.kharkov.info/place/16523,,Ремонт одежды
"Бытовые услуги,Видео, аудио, фото услуги","Телефон:,
    ,
            ,
                    +38 (050) 300-55-66        ,
        ,
","
	Авторская фотография... Что это такое?,
	Даже на самой навороченной камере нет кнопки ""шедевр"" - важен тот, КТО смотрит на вас в объектив. То, КАК он вас видит.,
	Качество работы фотографа определить очень легко - по его работам. Смотрите всё, выбирайте - лучшее.,
	*PS,
	Если адрес моего фотоблога не читается внизу, проверьте правильность его записи в строке браузера. Верный вариант:,
	http://alla-mutelika.livejournal.com,
	Моя группа ВКонтакте (портфолио, акции, спец.предложения):,
	http://vk.com/alla_mutelika_photography",http://www.kharkov.info/place/6330,http://alla-mutelika.livejournal.com,Детский и семейный фотограф Алла Мутелика
"Бытовые услуги,Ремонт техники и бытовых приборов","Телефон:,
    ,
            ,
                    +38 (050) 484-30-77        ,
        ,
","
	Произведем ремонт стиральных машин в Харькове и пригороде. Любой сложности.,
	Мастер будет у вас в течении 50 минут. Звоните!",http://www.kharkov.info/place/16049,http://remont.bezpovoda.com,"Ремонт стиральных машин, ЧП"
"Бытовые услуги,Специализированные услуги","Телефон:,
    ,
            ,
                    +38 (057) 712-51-38 (Татьяна Петровна)        ,
        ,
","
		Услуги таможенного оформления,
,
		Декларирование грузов, товаров.,
,
		Подготовка ТД и других сопутствующих документов.,
,
		Предоставление в контролирующие структуры необходимых документов и дополнительных данных.,
,
		Предъявление декларируемого груза, товара.,
,
		Другие операции для оформления грузов.,
,
		Перечень режимов (процедур) таможенного оформления,
,
		Выпуск для внутреннего потребления.,
,
		Экспорт.,
,
		Таможенный транзит.,
,
		Переработка на таможенной территории.,
,
		Переработка вне таможенной территории.,
,
		Переработка для внутреннего потребления.,
,
		Временный ввоз.,
,
		Временный вывоз.,
,
		Реимпорт.,
,
		Реэкспорт.,
",http://www.kharkov.info/place/15921,,"«БРОК-ТРАСТ», ООО"
"Бытовые услуги,Кабельное телевидение","Телефон:,
    ,
            ,
                    ,XXX-XX-XX (показать),        ,
        ,
","
	,
		Компания ВОЛЯ является ведущим общенациональным украинским телекоммуникационным провайдером, который предоставляет современные телекоммуникационные услуги: аналоговое, цифровое, HD- и интерактивное телевидение «ВОЛЯ Smart HD», высокоскоростной доступ в Интернет, а также услуги одного из крупнейших в Украине дата-центров.,
	,
		Компания предлагает до 200 программ украинских и лучших международных телекомпаний, соблюдая все международные нормы в области авторских и смежных прав.,
	,
		1 июня 2002 года был утвержден Корпоративный кодекс компании ВОЛЯ, и эта дата стала официальным днем рождения компании.,
",http://www.kharkov.info/place/3029,http://kharkov.volia.com,Кабельное телевидение «Воля Премиум ТВ»
"Бытовые услуги,Клининговые услуги","Телефон:,
    ,
            ,
                    +38 (097) 055-77-11        ,
        ,
","
	Группа компаний PROEX  более семи лет профессионально занимается управлением недвижимостью. Бизнес-центры, торговые и офисные помещения, жилые здания - основные направления нашей деятельности.,
	В компании работает более 60 сотрудников, занятых в сфере эксплуатации и управления недвижимостью, в числе которых 14 специалистов административного состава и 17 инженерно-технических специалистов. Кроме этого, в группу PROEX входит клининговая компания в качестве аффилированной структуры с количеством персонала более 20 человек. Весь технический персонал периодически проходит курсы повышения квалификации и имеет все необходимые документы и допуски в соответствии со своей специализацией.,
	Услуги, предоставляемые нами — это полное администрирование зданий, а также эксплуатация всех инженерных систем и строительных конструкций здания. В администрирование зданий входит ведение бухгалтерского и финансового учета, а также всего первичного документооборота, контроль всех платежей, мониторинг и оптимизация затрат, взаимодействие с контролирующими и проверяющими органами, обеспечение охраны здания и контроля доступа и другое.,
	В услуги по эксплуатации входит техобслуживание, разработка, учет и ведение технической документации, организация материально-технического снабжения объекта, проведение ремонтных и строительных работ и диспетчерское обслуживание. Мы гарантируем современные архитектурные решения, очень удобный паркинг, профессиональный подход к коммуникациям, а также качественное выполнение всех поставленных задач и очень гибкую ценовую политику.,
	Работая с нами, вы работаете с командой специалистов, всегда готовой помочь вам в любом вопросе.",http://www.kharkov.info/place/14901,http://www.proex.org,Группа компаний «PROEX»
"Бытовые услуги,Клининговые услуги,Химчистки, прачечные","Телефон:,
    ,
            ,
                    +38 (057) 766-71-81        ,
        ,
","
	Клининговая компания «Наша маша» оказывает услуги в трех основных направлениях: уборки, химчистки, мойка окон.,
	Удовлетворения всех требований и пожеланий наших клиентов - является основным приоритетом  для нас и поэтому, чтобы улучшить качество наших услуг мы  используем профессиональное оборудование, инвентарь, расходные материалы и проверенные химические средства ведущих производителей.,
	Проводя постоянный мониторинг рынка, пользуясь прямыми поставками химических средств и расходных материалов , мы стараемся делать цены на наши услуги максимально приемлемыми и доступными.",http://www.kharkov.info/place/15784,http://www.nashamasha.in.ua,Клининговая компания «НашаМаша»
"Бытовые услуги,Доставка воды","Телефон:,
    ,
            ,
                    +38 (057) 764-76-34        ,
        ,
","
	Сырьем для всех видов воды  ТМ «ЭТАЛОН» служит артезианская вода, добываемая из собственной скважины глубиной 323 м. Это вода глубоких слоев залегания (Юрского геологического горизонта) не содержит никаких техногенных загрязнений, идеальна по своему микро- и макро- составу.,
	Только производитель воды ТМ «Эталон» - единственная компания в Украине среди производителей бутылированной воды, которая имеет свои физико-химическую и микробиологическую лаборатории анализа воды, прошедшие государственную аттестацию. Исходя из этого, бутылированная вода ТМ «Эталон» проходит постоянный контроль. На предприятии ежедневно осуществляется контроль качества не только готовой продукции, но и всех стадий технологического процесса, включая контроль исходной воды. Каждая партия выпускаемой продукции проходит контрольные испытания с периодичностью, которая законодательно принята в Украине. Продукция сертифицирована, а производство имеет Аттестат производства Госстандарта Украины.",http://www.kharkov.info/place/16019,http://www.subos-company.com.ua,"ООО «Субос», доставка питьевой воды ТМ «Эталон»"
"Бытовые услуги,Клининговые услуги","Телефон:,
    ,
            ,
                    +38 (057) 756-19-06        ,
        ,
","
	Клининговая компания «Тимур и его команда» предлагает Вам воспользоваться нашими услугами:,
		Послестроительная генеральная уборка квартир, домов, офисов, кафе, ресторанов;,
,
		Химчистка диванов, кресел, пуфиков, стульев, бильярдных столов, ковров, ковровых покрытий с поднятием ворса;,
,
		Сухая чистка подушек, одеял, ортопедических матрасов, мягких игрушек;,
,
		Мойка плитки, окон, жалюзи, фасадов.,
",http://www.kharkov.info/place/14507,http://www.clean-house.com.ua,Клининговая компания «Тимур и его команда»
"Бытовые услуги,Химчистки, прачечные","Телефон:,
    ,
            ,
                    +380 (57) 750-82-74        ,
        ,
","
	Химчистка Dr. Cleaner чистит шубы, дубленки, пальто, плащи, куртки, сапоги, ботинки, туфли,  сумки и другие изделия из кожи, замши и меха.,
	Итальянское оборудование. Аквачистка. Сухая чистка одежды. Стирка. Новые приемные пункты на Алексеевке и Салтовке.",http://www.kharkov.info/place/16534,http://www.drcleaner.com.ua,Химчистка «Dr. Cleaner»
"Бытовые услуги,Ювелирные мастерские","Телефон:,
    ,
            ,
                    +38 (095) 076-43-23        ,
        ,
","
	Ювелирная мастерская производит все виды ремонта, реставрации ювелирных изделий из золота, серебра, бижутерии. Наш ювелир качественно и с гарантией выполнит как самый простой, так и самый сложный ремонт.",http://www.kharkov.info/place/16183,,Ювелирная мастерская «На Гагарина»
"Бытовые услуги,Клининговые услуги","Телефон:,
    ,
            ,
                    +38 (066) 024-94-02 (Савелий)        ,
        ,
","
	Компания iClean, поможем Вам справиться с неприятной уборкой квартиры, дома, офиса, послестроительной уборкой! Оставьте рутинную и тяжелую работу на профессионалов. Мы поможет сохранить Ваше время и нервы.",http://www.kharkov.info/place/13805,http://www.iclean.com.ua,Клининговая компания «iClean»
"Бытовые услуги,Клининговые услуги","Телефон:,
    ,
            ,
                    +380 (57) 714-05-07        ,
        ,
","
	ООО «Компания «СПО» предлагает сотрудничество в сфере профессиональных клининговых услуг (комплексная уборка, все виды дезуслуг, а так же услуги верхолазов).,
	Компания основана в 2009 года и за короткое время смогла совершить динамический скачек в своем развитии, став надежным и профессиональным исполнителем услуг для своих клиентов.,
	На сегодняшний день партнерами Компании «СПО» являются более 60 предприятий во всех регионах Украины, на которых работает более 1500 сотрудников компании.,
	Услуги компании:,Ежедневная уборка;,
	,Генеральная уборка;,
	,Послестроительная уборка;,
	,Организация грязезащитных систем на входных группах;,
	,Работы по проведению дезинфекции, дезинсекции и дератизации;,
	,Фасадные работы,
",http://www.kharkov.info/place/16291,http://www.spo.kh.ua,Клининговая компания «СПО»
"Бытовые услуги,Ремонт мобильных телефонов,Ремонт техники и бытовых приборов","Телефон:,
    ,
            ,
                    +38 (063) 283-69-81        ,
        ,
","
	Предлагаем быстрый,качественный ремонт мобильных телефонов,планшетов,мр3 плееров,видео регистраторов, аксессуары,корпуса,зарядные устройства,аккумуляторы.Зпчасти на китайские телефоны и планшеты.Пр.Гагарина 22.С 9.00 до 18.00.Тел.0632836981,0953337666.Андрей,Виталий",http://www.kharkov.info/place/15397,,Ремонт мобильных телефонов
"Бытовые услуги,Клининговые услуги","Телефон:,
    ,
            ,
                    +38 (057) 715-14-58 (Андрей)        ,
        ,
",,http://www.kharkov.info/place/14967,,Клининговые услуги «АИВ групп»
"Бытовые услуги,Химчистки, прачечные","Телефон:,
    ,
            ,
                    +38 (057) 731-18-05        ,
        ,
",,http://www.kharkov.info/place/895,,"Химчистка «Колер», приемный пункт № 2"
"Бытовые услуги,Пожарная безопасность,Строительство,Системы безопасности,Системы видеонаблюдения","Телефон:,
    ,
            ,
                    +38 (057) 752-45-51        ,
        ,
","
	Охранная сигнализация, пожарная сигнализация, видео наблюдение. Проектирование и монтаж.",http://www.kharkov.info/place/15917,,Компания «Океан-Стальные конструкции»
"Вне помещений,Парки, сады,Развлечения,Аттракционы",,"
	,Сад Шевченко, - городской парк в Харькове. Расположен в центре города между Сумской улицей, Клочковской и площадью Свободы.,
	Сад был заложен в 1804-1805 годах Василием Назаровичем Каразиным - основателем Харьковского университета. Разбивка сада проводилась в существовавшей естественной дубовой роще на окраине города. На верхней террасе расположен ландшафтный парк, на нижней - ботанический. С момента своего основания сад назывался Университетским. В 1808 году в саду была построена астрономическая обсерватория. В 1896 году на западной оконечности парка был открыт старейший на Украине, третий по возрасту в Российской империи Харьковский зоопарк.,
	В 30-е годы XX века была проведена реконструкция парка. Её проводил архитектор В. П. Ширшов. Были построены новые аллеи, высажены деревья и кустарники, появился фонтан. После открытия памятника Тарасу Григорьевичу Шевченко в 1935 году сад был переименован в честь поэта.,
	Во время Великой Отечественной войны парк сильно пострадал. Было уничтожено около 60% довоенных зелёных насаждений. На протяжении 1945-1946 годов проводилась реконструкция парка архитектором А. С. Маяк.,
	В рамках подготовки к 300-летию города в 1955 году в западной части сада была построена ,каскадная лестница, архитектором А. С. Маяк и инженером Ф. И. Савускан. По каскаду стекал фонтан, а с верхней смотровой площадки открывался живописный вид на долину реки Лопань.,
	В 1963 году в парке построили ,киноконцертный зал «Украина»,, вмещающий 1750 зрителей (архитекторы В. С. Васильев, Ю. А. Плаксиев, В. А. Реусов, инженер Л. Б. Фридган).,
	В 1967 году на центральной аллее построили ,фонтан, (архитектор Б. Г. Клейн), а с 1977 года он стал свето-музыкальным.,
	На протяжении 1970-1990 годов в южной части сада строилось новое здание, Харьковского государственного украинского академического театра оперы и балета имени Н. Лысенко, в постмодернистском стиле.,
	Памятники парка:,
	,Памятник Василию Назаровичу Каразину, расположен с северной стороны парка, возле университета. Был открыт в 1906 году к 100-летию со дня основания Харьковского университета. Архитектор - академик Алексей Николаевич Бекетов, скульптор - И. И. Андреолетти. До 1934 г. располагался на месте памятника Шевченко. Переносился с места на место четыре раза.,
	,Памятник Тарасу Григорьевичу Шевченко, расположен со стороны Сумской улицы. Был открыт 24 мая 1935 года. Общая высота памятника - 16,5 метра. Бронзовая статуя поэта высотой 5,5 метра установлена на пилоне из чёрного лабрадорита. Вокруг пилона расположены по спирали 16 фигур. Памятник создали скульптор М. Г. Манизер и архитектор И. Г. Лангбард. На изготовление памятника пошло 30 тонн бронзы и 400 тонн лабрадорита. Для строительства специально была проведена узкоколейка. На стройке памятника работало 200 рабочих. До войны харьковский памятник Шевченко считался самым большим бронзовым памятником, созданным в СССР.,
	,Памятный знак репрессированным кобзарям, бандуристам, лирникам, расположен с южной стороны парка возле здания театра оперы и балета. Был открыт 14 октября 1997 года для увековечивания памяти кобзарей, бандуристов и лирников, которые были уничтожены советской властью преимущественно в 1930-х годах.,
	,Памятник футбольному мячу, - установлен в 2001 году футбольным клубом «Металлист». Представляет собой постамент из черного гранита с бронзовым футбольным мячом диаметром полтора метра.,
	,Памятник Архангелу Михаилу, - подарок от города Киева (это герб Киева) к празднованию 350-летию основания Харькова. Установлен в 2004 году в южной части парка возле перекрёстка улиц Сумской и Скрипника.,
	,Скульптура «Аксакал»,, изображающая спящего казака, расположена возле театра оперы и балета. Автор памятника - Сейфаддин Гурбанов. Скульптура весом 8 тонн высечена из белого песчаника. Первоначально была установлена в 1989 году перед ступенями театра. В 2007 году во время реконструкции площади с фонтанами перед театром, скульптура исчезла в неизвестном направлении. После огласки и неоднократных попыток автора узнать о судьбе памятника, в ноябре скульптуру вернули и установили на новом месте - в парке с северной стороны оперного. Во время отсутствия памятник был повреждён неумелой чисткой и автор планирует в течение 2008 года восстановить утраченные детали.",http://www.kharkov.info/place/1609,,Сад имени Т. Г. Шевченко
"Бытовые услуги,Химчистки, прачечные","Телефон:,
    ,
            ,
                    +38 (057) 712-12-42        ,
        ,
","
	профессиональную чистку и крашение одежды и предметов домашнего обихода:,
		чистку дубленок, шуб и курток из искусственных и натуральных материалов,
	,
		чистку кожаных и текстильных изделий,
	,
		чистку пухо-перовых изделий (куртки, пальто, комбинезоны),
	,
		чистку покрывал велюровых и из натурального меха,
	,
		чистку одеял: шерстяных, полушерстяных, на синтепоне,
	,
		чистку мягкой игрушки всех размеров,
	,
		чистку ковров и ковровых покрытий разных размеров,
	,
		чистку мягкой мебели с выездом к клиенту,
	,
		чистку деликатных изделий по индивидуальной технологии (вечерние и свадебные платья),
,
	крашение хлопчатобумажных текстильных изделий;,
	индивидуальну стирку белья для населения и организаций;,
	услуги по наладке и ремонту оборудования химчисток и прачечных.",http://www.kharkov.info/place/893,http://www.koler.kh.ua,"Химчистка «Колер», приемный пункт № 1"
"Развлечения,Аттракционы","Телефон:,
    ,
            ,
                    ,XXX-XX-XX (показать),        ,
        ,
","
	Расписание:,
		Движение поездов производится с 1 мая по 29 октября.,
	,
		С 1 мая по 6 июня, в сентябре и октябре - по воскресеньям и праздничным дням.,
	,
		С 7 июня по 31 августа - ежедневно, кроме понедельника и вторника.,
,
	Для детей до 3 лет - проезд бесплатный.,
	Среди зелени уютного уголка городского парка им. Горького протянулась детская железная дорога ""Малая Южная"" - любимица юных харьковчан, гордость всей Южной железной дороги.,
	Малая Южная дорога - центр воспитания и подготовки будущих кадров Южной железной дороги. Здесь ученики общеобразовательных школ, после изучения теоретического курса, на практике могут познакомиться с основными железнодорожными профессиями: проводник вагона, дежурный по станции, диспетчер и уж конечно с профессией помощника машиниста и машиниста.,
	Малая Южная дорога открыта 8 ноября 1940 года. Во время Великой Отечественной войны была полностью разрушена, проработав всего несколько месяцев.,
	Второе ее рождение состоялось 5 августа 1945 года. С тех пор уже на протяжении многих десятков лет каждую весну Малая Южная открывает движение поездов, встречает маленьких пассажиров на уютных станциях и для многих школьников города и области является местом, где они могут раскрыть свои таланты, поучаствовать в увлекательном и познавательном деле - работе железной дороги.,
		Движение на Малой Южной традиционно открывается 1 мая и продолжается до конца октября.,
	,
		Общая протяженность путей - 3,6 км.,
	,
		Действуют две станции-Парк и Лесопарк, а также остановочная платформа ""Мемориал"".,
,
	Подвижной состав состоит из двух тепловозов - ТУ2-054 и ТУ7А-3198, двух составов - ""Україна"" и ""Юність Південної"". Каждый состав насчитывает по 6 вагонов. На станции Парк стоит крытый грузовой вагон постройки 1910 года.,
	Перегон Парк-Лесопарк разбит на три блок-участка. Управление стрелками осуществляется централизовано. В 2003 году Малая Южная оснащена комплектом оборудования для компьютерного управления стрелками и сигналами.,
	На сегодняшний день Малая Южная оснащена современной учебной базой для полноценной профориентационной работы с юными железнодорожниками.,
	На детской дороге ежегодно работает более 70 кружков юных железнодорожников, в которых занимается более 1100 школьников. Обучение проходит по 11 основным специальностям железнодорожного транспорта. Учебный год начинается в ноябре и заканчивается в апреле, когда юные железнодорожники, сдав своеобразный экзамен, получают допуск на прохождение учебно-производственной практики, во время которой они под присмотром инструкторов управляют процессом перевозок, работают проводниками, ревизорами, осуществляют маневровые работы и управляют локомотивами.,
	За более чем 65 лет в кружках детской железной дроги прошли обучение свыше 60 тысяч школьников, многие из которых навсегда связали свою жизнь с железной дорогой, работают на Южной железной дороге и на других дорогах Украины. Ежегодно самые лучшие выпускники Малой Южной поступают в железнодорожные училища, в Харьковский техникум железнодорожного транспорта и Харьковскую Государственную академию железнодорожного транспорта.,
	Территория детской железной дороги благоустроена и ухожена. Тысячи харьковчан и гостей города ежегодно с удовольствием посещают Малую Южную, которая по праву считается гордостью и славой всей ЮЖД.",http://www.kharkov.info/place/5897,http://www.pz.gov.ua,Детская железная дорога «Малая Южная»
"Развлечения,Аттракционы",,"
	,Подвесная канатная дорога в Харькове, - прогулочная и транспортная система, связывающая улицу Сумскую (в районе кинотеатра Парк и завода ФЭД) с микрорайоном Павлово Поле через ЦПКиО им. Горького и Саржин яр.,
	Введена в строй в 1971 году. Опор - 18, двуместных пассажирских кабин грузоподъёмностью 180 кг - 124, включая служебную.,
	Протяжённость трассы от станции «Горпарк» (за кинотеатром «Парк», рядом со станцией детской железной дороги) до станции «Павлово Поле» (сопряжение ул. Отакара Яроша и ул. 23 Августа, район Источника) - 1 км 387 м.,
	Здание посадочной станции «Павлово Поле» (архитектор И. Е. Попов) украшено мозаичным панно В. Я. Савенкова.,
	Время маршрута в один конец - 18 минут, за которые пассажир поднимается на высоту от 8 до 26 метров над землей, откуда открывается живописный вид на зелёные массивы парка Горького и Лесопарка, Шатиловку и Павлово Поле.,
	,
			Оплата на месте,
		,
			Дети до 5 лет – в сопровождении взрослых бесплатно,
		,
			без перерывов и выходных.,
	",http://www.kharkov.info/place/5895,,Подвесная канатная дорога
"Вне помещений,Парки, сады,Развлечения,Аттракционы","Телефон:,
    ,
            ,
                    ,XXX-XX-XX (показать),        ,
        ,
","
	,Парк открыт — с 06:00 до 24:00,
		Развлекательный центр работает — ,с 10:00 до 22:00,
	,
		аттракционы работают: в летнее время — ,с 10:00 до 23:00,; в зимнее время — с ,11:00 до 22:00,.,
	,
		Кассы работают: в летнее время — ,с 10.00 до 22.30,; в зимнее время — ,с 11:00 до 21:30,.,
,
	ЦЕНТРАЛЬНЫЙ ПАРК РАЗВЛЕЧЕНИЙ Харькова — лучший парк аттракционов и развлечений Украины и СНГ!,
	Здесь созданы все условия для комфортного и незабываемого отдыха — бесплатный вход, тематические зоны, кафе и рестораны, фонтаны, футбольные и баскетбольные поля, и, конечно, аттракционы для детей и взрослых.,
	В Харьковском Парке развлечений 50 современных аттракционов мирового уровня от итальянских, немецких, американских производителей.,
	Парк разбит на тематические зоны:,
		Детский парк;,
	,
		Экстрим-парк;,
	,
		Семейно-развлекательная зона;,
	,
		Французский парк;,
	,
		Ретро-парк;,
	,
		Средневековая площадь;,
	,
		Спортивные площадки.,
,
	,Колесо обозрения, - самое высокое в Украине (55 м).,
	,Развлекательный центр, — лучший в Украине. Здесь круглогодично работает комплекс детских лабиринтов, горок, веревочных городков, зона пневматических пушек, фонтанов.,
		Лазерный тир в виде старого американского гаража с веселым автомобилем.,
	,
		Для самых маленьких безопасная зона ""Букашка"".,
	,
		68 игровых развивающих автоматов последнего поколения для любого возраста.,
	,
		7D кинотеатр и 7D куб.,
,
	Напротив Развлекательного центра находится скоростной ,Автодром,.,
	Вдоль центральной аллеи находится ,Среденвековый тир, в виде замка на 60 мишеней.,
	Рядом с тиром можно пострелять по мишеням теннисными мячами из ,пушки Базуки,.,
	Работает ,фотоателье,, в котором можно сфотографироваться в средневековых нарядах.,
	Экстрим-парк:,
	Для любителей острых ощущений:,
		Американская горка, максимальная высота которой 26 метров, а скорость – 60 км/ч;,
	,
		Башня падения, где можно взлететь, а затем упасть на 40 метров;,
	,
		Аттракцион Сальтос, который вращается со скоростью на все 360 градусов;,
	,
		Веревочный парк;,
	,
		Страйкбольный тир.,
,
	Рядом работает прокат велосипедов, самокатов и электромашинок.,
	Семейно-развлекательная зона:,
		Аттракционы, каждый из которых выполнен в стилистике стран мира:,
	,
		карусель Арабия (40-метровая вертикальная);,
	,
		карусель Индия (цепочная);,
	,
		карусель-регата Тортуга;,
	,
		Мега-диско Египет;,
	,
		Пиратский галеон Барбадос;,
	,
		детская горка Старый рудник;,
	,
		самолеты с лазерным оружием Япония;,
	,
		сумасшедшая скамейка Англия - где можно полетать над Биг Беном;,
	,
		скай-глайдер Канада;,
	,
		водная горка Майя, где Вы попадаете в бурную горную реку, которая ведет вас прямо к водопаду;,
	,
		аттракцион для экстремалов Air Race Взлет.,
	,
		Дом ужасов в виде заброшенного особняка.,
,
	Детский парк Цветочный город:,
	11 веселых  аттракционов:,
		Паровозик,
	,
		Машинки,
	,
		Жабки,
	,
		Летающие слоники,
	,
		мини-карусель Мельница,
	,
		Детские площадки,
	,
		Батуты,
	,
		аттракцион Чудо-дерево,
	,
		Детский автодром на миниатюрных машинках и т.д.,
,
	В Детском парке каждую субботу работает контактный ,зоопарк магазина ZooLand,, где дети могут пообщаться со зверушками и приобрести все необходимое для своего домашнего любимца.,
	Французский парк,
	Здесь можно прокатиться на сказочно красивой карусели под французскую музыку,  а после перекусить во французском кафе.,
	Ретро-площадка,
	Тихая, зеленая, без аттракционов, чтобы старшее поколение чувствовало себя комфортно. Здесь установлена сцена, стилизованная под 1950-60-е годы, есть место для танцев, беседка для любителей поиграть в шахматы и домино, красивая ротонда. Скамейки для отдыха установлены уютными полукругами и располагают к дружеским беседам.,
	Каждые выходные здесь проходят тематические музыкальные вечера, играет музыка из любимых кинофильмов разных лет, можно всем вместе попеть любимые песни под аккомпанемент баяна.,
	Центральная аллея парка развлечений начинается от Главного входа и тянется до Колеса обозрения. Длина аллеи — 559 метров.,
	От старого парка Горького осталась ,скульптура пантеры,, объединяющая прошлое и будущее парка. Пантера установлена на центральной аллее парка. В  Парке развлечений также установлено около 25 бронзовых фигур.,
	На территории парка уже более 40 лет работает подвесная ,Канатная дорога, протяженностью 1387 метров. Ее маршрут проходит от Центрального парка развлечений через Саржин яр до жилмассива Павлово Поле. За время движения пассажиры проезжают на высотах от 8 до 26 метров над землей. Время прогулки в одну сторону составляет 18 минут.,
	Спортивные площадки:,
	1 баскетбольное, 4 футбольных поля, роллердром, площадку для петанка. Здесь набирают группы детей для занятий футболом.,
	С начала мая до конца октября для детей работает ,Детская железная дорога,, одна из старейших в Украине, построенная еще в 1940 году. Дорога расположена между Центральным парком развлечений и Лесопарком, ее протяженность — 3,6 км.,
	Приезжайте Всей семьей в Центральный парк развлечений Харькова!",http://www.kharkov.info/place/1608,http://centralpark.kh.ua/,Харьковский Центральный парк развлечений имени Горького 
"Еда и места встреч,Кафе, кофейни,Развлечения,Кальянные,Караоке","Телефон:,
    ,
            ,
                    ,XXX-XX-XX (показать),        ,
        ,
","
	Добро пожаловать в наше кафе!,
	Мы приглашаем Вас посетить наше уютное кафе ""ReDi"",
	Летняя площадка с фонтаном, банкетный зал, квалифицированный персонал.,
	У нас Вы можете отпраздновать, юбилей, свадьбу, провести корпоративное мероприятие и деловую встречу.,
	День рождения Вашего ребенка украсят и сделают веселым и незабываемым клоун и ди-джей, (подарок имениннику гарантируем).,
	Спеть караоке или по болеть за любимую футбольную команду, и просто приятно провести вечер в уютной обстановке отведав вкусную и разнообразную кухню.,
	Мы всегда рады Вас видеть!,
	,Интерьер:, Два зала: большой (46 мест), банкетный (22 мест), летняя веранда (50 мест). Плазменные панели (3) установлены в каждом зале - помогут Вам комфортно провести время с друзьями наблюдая за спортивными баталиями. Банкетный зал отделен от большого раздвижной перегородкой.,
	,Кухня:, европейская кухня, украинская кухня, по заказу.,
	,Специализация:, кафе, банкетный зал, пивной бар, кальян.,
	,Развлечения:, спорт на большом экране, спутниковое ТВ, караоке.,
	,Дополнительно:, бесплатный Wi-Fi.,
	,Время работы:, с 11.00 до 23.00.,
	Удобный подъезд и бесплатная парковка.",http://www.kharkov.info/place/7083,http://www.redi.net.ua,Кафе «ReDi»
